{
  "resourceType": "MolecularSequence",
  "type": "dna",
  "coordinateSystem": 1,
  "subject": {
    "reference": "Patient/1"
  },
  "specimen": {
    "reference": "Specimen/2963",
    "type": "Specimen"
  },
  "referenceSeq": {
    "chromosome": {
      "coding": [
        {
          "system": "http://terminology.hl7.org/CodeSystem/chromosome-human",
          "code": "20",
          "display": "chromosome 20"
        }
      ]
    },
    "genomeBuild": "GRCh 37",
    "strand": "watson",
    "windowStart": 1,
    "windowEnd": 21
  },
  "variant": {
    "start": 11,
    "end": 11,
    "observedAllele": "C",
    "referenceAllele": "T"
  }
}