{
    "resourceType": "Observation",
    "status": "final",
    "category": [
        {
            "coding": [
                {
                    "system": "http://terminology.hl7.org/CodeSystem/observation-category",
                    "code": "laboratory"
                }
            ]
        }
    ],
    "code": {
        "coding": [
            {
                "system": "http://loinc.org",
                "code": "69548-6"
            }
        ]
    },
    "method":{
        "code": {
          "coding": [ {
            "system": "http://loinc.org",
            "code": "81304-8"
          } ]
        },
        "valueCodeableConcept": {
          "coding": [ {
            "system": "http://loinc.org",
            "code": "LA26398-0"
          } ]
        }
      },
    "subject": {
        "reference": "Patient/1"
    },
    "specimen": {
        "reference": "Specimen/2963",
        "type": "Specimen"
    },
    "component": [
        {
            "code": {
                "coding": [
                    {
                        "system": "http://loinc.org",
                        "code": "48018-6"
                    }
                ]
            },
            "valueCodeableConcept": {
                "coding": [
                    {
                        "system": "http://www.genenames.org",
                        "code": "HGNC:3236",
                        "display": "EGFR"
                    }
                ]
            }
        },
        {
            "code": {
                "coding": [
                    {
                        "system": "http://loinc.org",
                        "code": "48005-3"
                    }
                ]
            },
            "valueCodeableConcept": {
                "coding": [
                    {
                        "system": "http://varnomen.hgvs.org",
                        "code": "p.Thr790Met"
                    }
                ]
            }
        },
        {
            "code": {
                "coding": [
                    {
                    "system": "http://loinc.org",
                    "code": "48002-0"
                    }
                ]
            },
            "valueCodeableConcept": {
                "coding": [
                    {
                    "system": " https://loinc.org/LL378-1",
                    "code": "LA6683-2",
                    "display": "Germline"
                    }
                ]
            }
        }
    ]
  }